<?xml version="1.0"?>
<doc>
    <assembly>
        <name>Ascom.Unite.UtilityLibrary</name>
    </assembly>
    <members>
        <member name="T:Ascom.Unite.UtilityLibrary.Comparers.Comparison">
            <summary>
            Static class to be used to generate a IComparer with custom behaviour
            for LINQ expressions.
            </summary>
            <remarks>
            Using the Comparison class you can simplify the situation where you need to supply
            an IComparer with a Linq expression.
            <code>var products = GetProducts().OrderBy(x =&gt; x.ProductId,  Comparison.With((x,y) =&gt; String.Compare(x.Name, y.Name)));</code>
            </remarks>
        </member>
        <member name="M:Ascom.Unite.UtilityLibrary.Comparers.Comparison.With``1(System.Func{``0,``0,System.Int32})">
            <summary>
            Returns a generic instance of the IComparer interface where
            the Compare() method calls the function given.
            </summary>
            <typeparam name="T">Type of objects to compare</typeparam>
            <param name="func">The compare function to use.</param>
            <returns>New instance of the GenericComparer class using the function given.</returns>
        </member>
        <member name="M:Ascom.Unite.UtilityLibrary.Comparers.Comparison.WithIComparer``1(System.Func{``0,``0,System.Int32})">
            <summary>
            Returns a instance of the IComparer interface where
            the Compare() method calls the function given.
            </summary>
            <typeparam name="T">Type of objects to compare</typeparam>
            <param name="func">The compare function to use.</param>
            <returns>New instance of the GenericComparer class using the function given.</returns>
        </member>
        <member name="T:Ascom.Unite.UtilityLibrary.Comparers.Equality">
            <summary>
            Static class to be used to generate a IEqualityComparer with custom behaviour
            for LINQ expressions.
            </summary>
            <remarks>
            Using the Equality class you can simplify the situation where you need to supply
            an IEqualityComparer with a Linq expression.
            var products = GetProducts().Distinct(Equality.With((x,y) =&gt; x.productId == y.productId));
            </remarks>
        </member>
        <member name="M:Ascom.Unite.UtilityLibrary.Comparers.Equality.With``1(System.Func{``0,``0,System.Boolean})">
            <summary>
            Returns a new instance of an object implementing IEqualityComparer(T) where
            the Equals() method evalutates the function given.
            </summary>
            <typeparam name="T">Type of objects to be compared.</typeparam>
            <param name="func">A function that performs the equality comparison.</param>
            <returns>A new instance of the GenericEqualityComparer class that uses
            the equality function for equality comparisons.</returns>
        </member>
        <member name="M:Ascom.Unite.UtilityLibrary.Comparers.Equality.With``1(System.Func{``0,``0,System.Boolean},System.Func{``0,System.Int32})">
            <summary>
            Returns a new instance of an object implementing IEqualityComparer(T) where
            the Equals() method evalutates the function given and the GetHashcode() method uses
            the hashcode function given.
            </summary>
            <typeparam name="T">Type of objects to be compared.</typeparam>
            <param name="eqfunc">A function that performs the equality comparison.</param>
            <param name="hashfunc">A function that performs the hashcode calculation.</param>
            <returns>A new instance of the GenericEqualityComparer class that uses
            the equality and hashcode functions.</returns>
        </member>
        <member name="M:Ascom.Unite.UtilityLibrary.Comparers.Equality.WithId``2(System.Func{``0,``1})">
            <summary>
            Returns a new instance of an object implementing IEqualityComparer(T) where
            the Equals() method performs a comparison on the designated identity
            value of the given object type.
            </summary>
            <typeparam name="T">Type of objects to be compared.</typeparam>
            <typeparam name="R">Type of the identity values to be compared.</typeparam>
            <param name="idSelector">A function that returns the value of the object identity (used in the equality comparison)</param>
            <returns>A new instance of the GenericEqualityComparer class that uses
            the equality and hashcode functions.</returns>
        </member>
        <member name="T:Ascom.Unite.UtilityLibrary.Comparers.GenericEqualityComparer`1">
            <summary>
            Generic equality comparer implementation which is returned by the
            Equality.With() static (<see cref="T:Ascom.Unite.UtilityLibrary.Comparers.Equality"/>) method to be used with linq expressions where
            you need to supply an IEqualityComparer.
            </summary>
            <typeparam name="T">Type of objects being compared.</typeparam>
        </member>
        <member name="T:Ascom.Unite.UtilityLibrary.Encryption.UnixCrypt">
            <summary>
            http://www.codeproject.com/Articles/9183/A-C-implementation-of-Unix-crypt
            </summary>
        </member>
        <member name="F:Ascom.Unite.UtilityLibrary.Encryption.UnixCrypt.EncryptionSaltCharacters">
            <value>
            The list with characters allowed in a Unix encrypted password.
            It is used to randomly choose two characters as salt for use in the encryption.
            </value>
        </member>
        <member name="F:Ascom.Unite.UtilityLibrary.Encryption.UnixCrypt.SaltTranslation">
            <value>
            A lookup-table that transforms salt characters to numbers.
            </value>
        </member>
        <member name="F:Ascom.Unite.UtilityLibrary.Encryption.UnixCrypt.Shifts">
            <value>
            A lookup-table.
            It is used to calculate the index to the m_skb lookup-table.
            </value>
        </member>
        <member name="F:Ascom.Unite.UtilityLibrary.Encryption.UnixCrypt.Skb">
            <value>
            A lookup-table.
            It is used to dynamically create the schedule lookup-table.
            </value>
        </member>
        <member name="F:Ascom.Unite.UtilityLibrary.Encryption.UnixCrypt.SpTranslationTable">
            <value>
            A lookup-table.
            It is used to calculate two ints that are used to encrypt the password.
            </value>
        </member>
        <member name="F:Ascom.Unite.UtilityLibrary.Encryption.UnixCrypt.CharacterConversionTable">
            <value>
            A lookup-table filled with printable characters.
            It is used to make sure the encrypted password contains only printable characters. It is filled with
            ASCII characters 46 - 122 (from the dot (.) untill (including) the lowercase 'z').
            </value>
        </member>
        <member name="F:Ascom.Unite.UtilityLibrary.Encryption.UnixCrypt.DesIterations">
            <value>
            Marks the size of the dynamically created schedule lookup-table.
            </value>
        </member>
        <member name="M:Ascom.Unite.UtilityLibrary.Encryption.UnixCrypt.FourBytesToInt(System.Byte[],System.UInt32)">
            <summary>
            Converts four seperate bytes into one uint.
            </summary>
            <param name="inputBytes">The bytes to use for the conversion.</param>
            <param name="offset">The offset at which to start in the inputBytes buffer.</param>
            <returns>uint</returns>
        </member>
        <member name="M:Ascom.Unite.UtilityLibrary.Encryption.UnixCrypt.IntToFourBytes(System.UInt32,System.Byte[],System.UInt32)">
            <summary>
            Converts an uint into 4 seperate bytes.
            </summary>
            <param name="inputInt">The uint to convert.</param>
            <param name="outputBytes">The byte buffer into which to store the result.</param>
            <param name="offset">The offset to start storing at in the outputBytes buffer.</param>
        </member>
        <member name="M:Ascom.Unite.UtilityLibrary.Encryption.UnixCrypt.PermOperation(System.UInt32,System.UInt32,System.UInt32,System.UInt32,System.UInt32[])">
            <summary>
            Performs some operation on 4 uints. It's labeled PERM_OP in the original source.
            </summary>
            <param name="firstInt">The first uint to use.</param>
            <param name="secondInt">The second uint to use.</param>
            <param name="thirdInt">The third uint to use.</param>
            <param name="fourthInt">The fourth uint to use.</param>
            <param name="operationResults">An array of 2 uints that are the result of this operation.</param>
        </member>
        <member name="M:Ascom.Unite.UtilityLibrary.Encryption.UnixCrypt.HPermOperation(System.UInt32,System.Int32,System.UInt32)">
            <summary>
            Performs some operation on 3 uints. It's labeled HPERM_OP in the original source.
            </summary>
            <param name="firstInt">The first uint to use.</param>
            <param name="secondInt">The second int to use.</param>
            <param name="thirdInt">The third uint to use.</param>
            <returns>An int that is the result of this operation.</returns>
        </member>
        <member name="M:Ascom.Unite.UtilityLibrary.Encryption.UnixCrypt.SetDesKey(System.Byte[])">
            <summary>
            This method does some very complex bit manipulations.
            </summary>
            <param name="encryptionKey">The input data to use for the bit manipulations.</param>
            <returns>m_desIterations * 2 number of uints that are the result of the manipulations.</returns>
        </member>
        <member name="M:Ascom.Unite.UtilityLibrary.Encryption.UnixCrypt.DEncrypt(System.UInt32,System.UInt32,System.UInt32,System.UInt32,System.UInt32,System.UInt32[])">
            <summary>
            This method does some bit manipulations.
            </summary>
            <param name="left">An input that is manipulated and then used for output.</param>
            <param name="right">This is used for the bit manipulation.</param>
            <param name="scheduleIndex">The index of an uint to use from the schedule array.</param>
            <param name="firstSaltTranslator">The translated salt for the first salt character.</param>
            <param name="secondSaltTranslator">The translated salt for the second salt character.</param>
            <param name="schedule">The schedule arrray calculated before.</param>
            <returns>The result of these manipulations.</returns>
        </member>
        <member name="M:Ascom.Unite.UtilityLibrary.Encryption.UnixCrypt.Body(System.UInt32[],System.UInt32,System.UInt32)">
            <summary>
            Calculates two uints that are used to encrypt the password.
            </summary>
            <param name="schedule">The schedule table calculated earlier.</param>
            <param name="firstSaltTranslator">The first translated salt character.</param>
            <param name="secondSaltTranslator">The second translated salt character.</param>
            <returns>2 uints in an array.</returns>
        </member>
        <member name="M:Ascom.Unite.UtilityLibrary.Encryption.UnixCrypt.Crypt(System.String)">
            <summary>
            Automatically generate the encryption salt (2 random printable characters for use in the encryption) and call the Crypt() method.
            </summary>
            <param name="textToEncrypt">The text that must be encrypted.</param>
            <returns>The encrypted text.</returns>
        </member>
        <member name="M:Ascom.Unite.UtilityLibrary.Encryption.UnixCrypt.Crypt(System.String,System.String)">
            <summary>
            Encrypts the specified string using the Unix crypt algorithm.
            </summary>
            <param name="encryptionSalt">2 random printable characters that are used to randomize the encryption.</param>
            <param name="textToEncrypt">The text that must be encrypted.</param>
            <returns>The encrypted text.</returns>
        </member>
        <member name="T:Ascom.Unite.UtilityLibrary.Extensions.DateTimeExtensions">
            <summary>
            Extensions for date and time.
            </summary>
        </member>
        <member name="M:Ascom.Unite.UtilityLibrary.Extensions.DateTimeExtensions.AgeInYears(System.DateTime)">
            <summary>
            Returns the age in years from a date until the current date.
            </summary>
            <param name="fromDateTime">Date to calculate from.</param>
            <returns>Age in years since the given date.</returns>
        </member>
        <member name="M:Ascom.Unite.UtilityLibrary.Extensions.DateTimeExtensions.AgeInYears(System.DateTime,System.DateTime)">
            <summary>
            Returns the age in years from a date until a second date.
            </summary>
            <param name="fromDateTime">Date to calculate from.</param>
            <param name="toDateTime">Date to calculate to.</param>
            <returns>Age in years between the given dates.</returns>
            <remarks>
            The idea here is to treat the current date and the birth date as integer values and just
            do a subtraction and take the year part of the remainder
            example: Today = 2015-06-13 and BirthDate = 1975-08-27 => (20150613 - 19750827)/10000 =>  399786/10000 => 39
            </remarks>
        </member>
        <member name="T:Ascom.Unite.UtilityLibrary.Extensions.EnumerableExtensions">
            <summary>
            Extensions to different types of collections
            </summary>
        </member>
        <member name="M:Ascom.Unite.UtilityLibrary.Extensions.EnumerableExtensions.RemoveWhere``1(System.Collections.Generic.ICollection{``0},System.Func{``0,System.Boolean})">
            <summary>
            Remove all items from a collection that match the selector function.
            </summary>
            <typeparam name="T">Type of the items of the collection</typeparam>
            <param name="collection">The collection to remove from.</param>
            <param name="selector">Selector function used to test if an item should be removed (selector returns true)</param>
        </member>
        <member name="M:Ascom.Unite.UtilityLibrary.Extensions.EnumerableExtensions.RemoveFirstWhere``1(System.Collections.Generic.ICollection{``0},System.Func{``0,System.Boolean})">
            <summary>
            Remove first item from a collection that match the selector function.
            </summary>
            <typeparam name="T">Type of the items of the collection</typeparam>
            <param name="collection">The collection to remove from.</param>
            <param name="selector">Selector function used to test if an item should be removed (selector returns true)</param>
        </member>
        <member name="M:Ascom.Unite.UtilityLibrary.Extensions.EnumerableExtensions.AddOrdered``1(System.Collections.Generic.IList{``0},``0,System.Collections.Generic.IComparer{``0})">
            <summary>
            Adds a new item to a sorted list by inserting it at the proper sort index.
            </summary>
            <typeparam name="T">Type of the items of the list</typeparam>
            <param name="list">Sorted list to add item to</param>
            <param name="item">The item to add</param>
            <param name="comparer">Comparer to use to determine sort order</param>
        </member>
        <member name="M:Ascom.Unite.UtilityLibrary.Extensions.EnumerableExtensions.AddOrdered``1(System.Collections.Generic.IList{``0},``0,System.Func{``0,``0,System.Int32})">
            <summary>
            Adds a new item to a sorted list by inserting it at the proper sort index.
            </summary>
            <typeparam name="T">Type of the items of the list</typeparam>
            <param name="list">Sorted list to add item to</param>
            <param name="item">The item to add</param>
            <param name="comparer">Function to use to determine sort order</param>
        </member>
        <member name="M:Ascom.Unite.UtilityLibrary.Extensions.EnumerableExtensions.AddIfNotExists``1(System.Collections.Generic.ICollection{``0},``0,System.Func{``0,``0,System.Boolean})">
            <summary>
            Adds a new item to a collection if a similar item does not allready exist in the collection.
            </summary>
            <typeparam name="T">Type of the items of the collection</typeparam>
            <param name="collection">the collection to add to</param>
            <param name="item">Item to add</param>
            <param name="equality">func to compare items for equality</param>
        </member>
        <member name="M:Ascom.Unite.UtilityLibrary.Extensions.EnumerableExtensions.AddIfNecessary``1(System.Collections.Generic.IList{``0},``0,System.Collections.Generic.IComparer{``0})">
            <summary>
            Adds an item to a list if it is not already in the list.
            </summary>
            <typeparam name="T">Type of the items of the list</typeparam>
            <param name="list">Sorted list to add item to</param>
            <param name="item">The item to add</param>
            <param name="comparer">Optional comparer to use to determine equality</param>
        </member>
        <member name="M:Ascom.Unite.UtilityLibrary.Extensions.EnumerableExtensions.MoveToIndex``1(System.Collections.Generic.IList{``0},``0,System.Int32)">
            <summary>
            Moves an item in the list to the specified position (0, 1, ...).
            </summary>
            <typeparam name="T">The type of objects in the list</typeparam>
            <param name="list">the list with item to be moved</param>
            <param name="item">the item to move</param>
            <param name="position">the position in the list to move item to</param>
            <returns>true if it was possible to move the it to position</returns>
        </member>
        <member name="M:Ascom.Unite.UtilityLibrary.Extensions.EnumerableExtensions.Partition``1(System.Collections.Generic.IEnumerable{``0},System.Int32)">
            <summary>
            Splits a collection of objects into an unknown number of pages with n items per page
            (for example, if I have a list of 45 shoes and say 'shoes.Partition(10)' I will now
            have 4 pages of 10 shoes and 1 page of 5 shoes.
            </summary>
            <typeparam name="T">The type of object the collection should contain.</typeparam>
            <param name="superset">The collection of objects to be divided into subsets.</param>
            <param name="pageSize">The maximum number of items each page may contain.</param>
            <returns>A subset of this collection of objects, split into pages of maximum size n.</returns>
        </member>
        <member name="M:Ascom.Unite.UtilityLibrary.Extensions.EnumerableExtensions.NullAsEmpty``1(System.Collections.Generic.IEnumerable{``0})">
            <summary>
            Converts a possible null sequence into the empty sequence of the same item type.
            </summary>
            <typeparam name="T">Type if objects in the sequence</typeparam>
            <param name="sequence">The sequence</param>
            <returns>the sequence as is or empty sequence if sequence parameter is null</returns>
        </member>
        <member name="M:Ascom.Unite.UtilityLibrary.Extensions.EnumerableExtensions.EmptyAsNull``1(System.Collections.Generic.IEnumerable{``0})">
            <summary>
            Converts a possible empty sequence into null.
            </summary>
            <typeparam name="T">Type if objects in the sequence</typeparam>
            <param name="sequence">The sequence</param>
            <returns>the sequence as is or null if sequence parameter is empty</returns>
        </member>
        <member name="M:Ascom.Unite.UtilityLibrary.Extensions.EnumerableExtensions.DefaultTo``1(``0,``0)">
            <summary>
            Returns a default item if the current instance is equal to default(T).
            </summary>
            <typeparam name="T">The type of the item</typeparam>
            <param name="item">The item instance</param>
            <param name="defaultItem">The default value to return</param>
            <returns>
            the default item if the current item is equal to default (i.e. null for reference types)
            else the item itself.
            </returns>
        </member>
        <member name="M:Ascom.Unite.UtilityLibrary.Extensions.EnumerableExtensions.Process``1(System.Collections.Generic.IEnumerable{``0},System.Action{``0})">
            <summary>
            Invokes an action on each item in a sequence, returning the resulting sequence.
            </summary>
            <typeparam name="T">type of elements in the sequence</typeparam>
            <param name="items">The sequence of elements</param>
            <param name="action">The action to invoke on each item</param>
            <returns>the sequence as is after each have been subjected to the action.</returns>
        </member>
        <member name="M:Ascom.Unite.UtilityLibrary.Extensions.EnumerableExtensions.WhereIn``1(System.Collections.Generic.IEnumerable{``0},System.Collections.Generic.IEnumerable{``0})">
            <summary>
            Returns the elements of a sequence that exist in a filter sequence.
            </summary>
            <typeparam name="T">Type of elements of the sequences.</typeparam>
            <param name="items">The sequence to filter</param>
            <param name="filterItems">The filter sequence</param>
            <returns>All elements from items that are also in filterItems</returns>
        </member>
        <member name="M:Ascom.Unite.UtilityLibrary.Extensions.EnumerableExtensions.WhereIn``2(System.Collections.Generic.IEnumerable{``0},System.Collections.Generic.IEnumerable{``0},System.Func{``0,``1})">
            <summary>
            Returns the elements of a sequence that exist in a filter sequence where
            the comparison is made based on a key found on the elements.
            </summary>
            <typeparam name="T">Type of elements in the sequences</typeparam>
            <typeparam name="T1">Type of the key used when comparing elements</typeparam>
            <param name="items">The sequence to be filtered</param>
            <param name="filterItems">The filter sequence</param>
            <param name="keySelector">Function used to get the key value from an element</param>
            <returns>All elements from items that are also in filterItems</returns>
        </member>
        <member name="M:Ascom.Unite.UtilityLibrary.Extensions.EnumerableExtensions.WhereIn``3(System.Collections.Generic.IEnumerable{``0},System.Collections.Generic.IEnumerable{``1},System.Func{``0,``2},System.Func{``1,``2})">
            <summary>
            Returns the elements of a sequence that exist in a filter sequence where
            the comparison is made based on a key found on the elements.
            </summary>
            <typeparam name="T1">Type of the elements to be filtered</typeparam>
            <typeparam name="T2">Type of elements in the filter sequence</typeparam>
            <typeparam name="TKey">Type of the key values used to compare elements of the two sequences</typeparam>
            <param name="items">The sequence to be filtered</param>
            <param name="filterItems">The filter sequence</param>
            <param name="keySelector1">Function to select key value from sequence to be filtered</param>
            <param name="keySelector2">Function to select key value from filter sequence</param>
            <returns>All elements from items that are also in filterItems</returns>
        </member>
        <member name="M:Ascom.Unite.UtilityLibrary.Extensions.EnumerableExtensions.AnyOccursIn``2(System.Collections.Generic.IEnumerable{``0},System.Collections.Generic.IEnumerable{``1},System.Func{``0,``1,System.Boolean})">
            <summary>
            Returns true if at least one item from a sequence is contained in another sequence.
            </summary>
            <typeparam name="T1">Type of items to test for occurance</typeparam>
            <typeparam name="T2">Type of items to match against</typeparam>
            <param name="items">The sequence where at least one must match</param>
            <param name="others">The sequence to match against</param>
            <param name="compareFunc">A func to be used to compare the elements of the two sequences</param>
            <returns>true iff at least one element from the items sequence occurs in the other sequence</returns>
        </member>
        <member name="M:Ascom.Unite.UtilityLibrary.Extensions.EnumerableExtensions.AllOccursIn``2(System.Collections.Generic.IEnumerable{``0},System.Collections.Generic.IEnumerable{``1},System.Func{``0,``1,System.Boolean})">
            <summary>
            Returns true if all elements in a sequence occurs in another sequence.
            </summary>
            <typeparam name="T1">Type of items to test for occurance</typeparam>
            <typeparam name="T2">Type of items to match against</typeparam>
            <param name="items">The sequence where all must match</param>
            <param name="others">The sequence to match against</param>
            <param name="compareFunc">A func to be used to compare the elements of the two sequences</param>
            <returns>true iff all elements from the items sequence occurs in the other sequence</returns>
        </member>
        <member name="M:Ascom.Unite.UtilityLibrary.Extensions.EnumerableExtensions.NoneOccursIn``2(System.Collections.Generic.IEnumerable{``0},System.Collections.Generic.IEnumerable{``1},System.Func{``0,``1,System.Boolean})">
            <summary>
            Returns true if no elements from a sequence occurs in another sequence.
            </summary>
            <typeparam name="T1">Type of items to test for occurance</typeparam>
            <typeparam name="T2">Type of items to match against</typeparam>
            <param name="items">The sequence where none should match</param>
            <param name="others">The sequence to match against</param>
            <param name="compareFunc">A func to be used to compare the elements of the two sequences</param>
            <returns>true iff no element from the items sequence occurs in the other sequence</returns>
        </member>
        <member name="M:Ascom.Unite.UtilityLibrary.Extensions.EnumerableExtensions.IsNullOrEmpty``1(System.Collections.Generic.IEnumerable{``0})">
            <summary>
            Tests if a sequence is null or empty.
            </summary>
            <typeparam name="T">The type of the elements in the sequence</typeparam>
            <param name="items">The sequence to test</param>
            <returns>true of sequence is null or empty else false</returns>
        </member>
        <member name="M:Ascom.Unite.UtilityLibrary.Extensions.EnumerableExtensions.AllAreDefault``1(System.Collections.Generic.IEnumerable{``0})">
            <summary>
            Returns a value indicating wheter all items have the default value for the type
            (i.e. null for object, 0 for integers etc.)
            </summary>
            <typeparam name="T">The type of the items in the list</typeparam>
            <param name="items">The list of items</param>
            <returns>true if all items have the default value else false</returns>
        </member>
        <member name="M:Ascom.Unite.UtilityLibrary.Extensions.EnumerableExtensions.AllAreNonDefault``1(System.Collections.Generic.IEnumerable{``0})">
            <summary>
            Returns a value indicating wheter all items have a NON default value for the type
            (i.e. are NOT null for object, NOT 0 for integers etc.)
            </summary>
            <typeparam name="T">The type of the items in the list</typeparam>
            <param name="items">The list of items</param>
            <returns>true if all items have the non default value else false</returns>
        </member>
        <member name="M:Ascom.Unite.UtilityLibrary.Extensions.EnumerableExtensions.AllAreSame``2(System.Collections.Generic.IEnumerable{``0},System.Func{``0,``1})">
            <summary>
            Returns a value indicating whether all the items are the same regarding some key value.
            </summary>
            <typeparam name="T"></typeparam>
            <typeparam name="TKey"></typeparam>
            <param name="items"></param>
            <param name="keySelector"></param>
            <returns>Returns true if all items are the same based on a key value</returns>
        </member>
        <member name="M:Ascom.Unite.UtilityLibrary.Extensions.EnumerableExtensions.HasOne``1(System.Collections.Generic.IEnumerable{``0})">
            <summary>
            Test if a sequence contains exactly one element.
            (Without invoking the Count() method)
            </summary>
            <typeparam name="T">Type of the elements in the sequence</typeparam>
            <param name="items">The sequence</param>
            <returns>true of sequence contains exactly one element else false</returns>
        </member>
        <member name="M:Ascom.Unite.UtilityLibrary.Extensions.EnumerableExtensions.HasTwo``1(System.Collections.Generic.IEnumerable{``0})">
            <summary>
            Test if a sequence contains exactly two elements.
            (Without invoking the Count() method)
            </summary>
            <typeparam name="T">Type of the elements in the sequence</typeparam>
            <param name="items">The sequence</param>
            <returns>true of sequence contains exactly two elements else false</returns>
        </member>
        <member name="M:Ascom.Unite.UtilityLibrary.Extensions.EnumerableExtensions.HasThree``1(System.Collections.Generic.IEnumerable{``0})">
            <summary>
            Test if a sequence contains exactly three elements.
            (Without invoking the Count() method)
            </summary>
            <typeparam name="T">Type of the elements in the sequence</typeparam>
            <param name="items">The sequence</param>
            <returns>true of sequence contains exactly three elements else false</returns>
        </member>
        <member name="M:Ascom.Unite.UtilityLibrary.Extensions.EnumerableExtensions.HasLength``1(System.Collections.Generic.IEnumerable{``0},System.Int32)">
            <summary>
            Test that a sequence has exactly N elements.
            </summary>
            <typeparam name="T">The type of the elements of the sequence.</typeparam>
            <param name="items">The sequence</param>
            <param name="length">the length (N) to test for</param>
            <returns>true if the sequence has exactly length elements else false</returns>
        </member>
        <member name="M:Ascom.Unite.UtilityLibrary.Extensions.EnumerableExtensions.SelectWithIndex``2(System.Collections.Generic.IEnumerable{``0},System.Func{``0,System.Int32,``1})">
            <summary>
            A version of Select() where the selector function is called with the
            index in the sequence of each item.
            </summary>
            <typeparam name="T">Type of items to select from</typeparam>
            <typeparam name="TR">Type of items to produce</typeparam>
            <param name="items">The list of items</param>
            <param name="selector">The selector function</param>
            <returns>New sequence where each item have been applied to the selector function</returns>
        </member>
        <member name="M:Ascom.Unite.UtilityLibrary.Extensions.EnumerableExtensions.IndexOf``1(System.Collections.Generic.IEnumerable{``0},System.Int32)">
            <summary>
            Returns the item in a sequence at a specified position.
            </summary>
            <typeparam name="T">Type of items</typeparam>
            <param name="items">The sequence of items</param>
            <param name="index">The position to return</param>
            <returns>Item at position or throws an ArgumentOutOfRangeException if the sequence is too short</returns>
        </member>
        <member name="M:Ascom.Unite.UtilityLibrary.Extensions.EnumerableExtensions.Watch``1(System.Collections.Generic.IEnumerable{``0},System.Action{``0})">
            <summary>
            Calls the watcher action for each item in the collection and returns the items.
            </summary>
            <typeparam name="T">Type of items</typeparam>
            <param name="items">The items to watch</param>
            <param name="watcher">The action function to call for each item</param>
            <returns>The same collection of items as was input to Watch()</returns>
        </member>
        <member name="M:Ascom.Unite.UtilityLibrary.Extensions.EnumerableExtensions.NotNull``1(System.Collections.Generic.IEnumerable{``0})">
            <summary>
            Filters out any items that are null from the sequence.
            </summary>
            <typeparam name="T">Type of items to filter</typeparam>
            <param name="items">The items</param>
            <returns>Items that are not null.</returns>
        </member>
        <member name="M:Ascom.Unite.UtilityLibrary.Extensions.EnumerableExtensions.ForEach``1(System.Collections.Generic.IEnumerable{``0},System.Action{``0})">
            <summary>
            Calls an action for each item in a sequence.
            </summary>
            <typeparam name="T">Type of the items</typeparam>
            <param name="items">The items sequence</param>
            <param name="action">The action to invoke for each item</param>
        </member>
        <member name="M:Ascom.Unite.UtilityLibrary.Extensions.EnumerableExtensions.ToCommaSeparatedString(System.Collections.Generic.IEnumerable{System.Int32})">
            <summary>
            Converts a sequence of integers into a comma separated string.
            </summary>
            <param name="items">the sequence</param>
            <returns>A string which is the concatenation of the strings generated from the included items</returns>
            <remarks>This is needed as AutoMapper does not like default parameters.</remarks>
            <remarks>If items = null an empty string will be returned.</remarks>
        </member>
        <member name="M:Ascom.Unite.UtilityLibrary.Extensions.EnumerableExtensions.ToString``1(System.Collections.Generic.IEnumerable{``0},System.Func{``0,System.String})">
            <summary>
            Converts a sequence into a comma separated string.
            </summary>
            <typeparam name="T">The type of the items in the sequence</typeparam>
            <param name="items">the sequence</param>
            <param name="itemToStringAction">function to convert each item into a string value</param>
            <returns>A string which is the concatenation of the strings generated from the included items</returns>
            <remarks>This is needed as AutoMapper does not like default parameters.</remarks>
            <remarks>If items = null an empty string will be returned.</remarks>
        </member>
        <member name="M:Ascom.Unite.UtilityLibrary.Extensions.EnumerableExtensions.ToString``1(System.Collections.Generic.IEnumerable{``0},System.Func{``0,System.String},System.String,System.Int32)">
            <summary>
            Converts a sequence into a string.
            </summary>
            <typeparam name="T">The type of the items in the sequence</typeparam>
            <param name="items">the sequence</param>
            <param name="itemToStringAction">function to convert each item into a string value</param>
            <param name="itemSeparator">separator string to put between each item string in the result string</param>
            <param name="itemsToInclude">number of items to include in the result string</param>
            <returns>A string which is the concatenation of the strings generated from the included items</returns>
            <remarks>If items = null an empty string will be returned.</remarks>
        </member>
        <member name="M:Ascom.Unite.UtilityLibrary.Extensions.EnumerableExtensions.PairWith``2(System.Collections.Generic.IEnumerable{``0},System.Collections.Generic.IEnumerable{``1})">
            <summary>
            Returns a sequence of pairs of one element from list1 and one corresponding element from list2 which match.
            </summary>
            <typeparam name="T1">Type of elements in list 1</typeparam>
            <typeparam name="T2">Type of elements in list 2</typeparam>
            <param name="list1">The first sequence</param>
            <param name="list2">The second sequence</param>
            <returns>a sequence of tuples of the matching pairs if items from the sequences</returns>
        </member>
        <member name="M:Ascom.Unite.UtilityLibrary.Extensions.EnumerableExtensions.PairWith``2(System.Collections.Generic.IEnumerable{``0},System.Collections.Generic.IEnumerable{``1},System.Func{``0,``1,System.Boolean})">
            <summary>
            Returns a sequence of pairs of one element from list1 and one corresponding element from list2 which match.
            </summary>
            <typeparam name="T1">Type of elements in list 1</typeparam>
            <typeparam name="T2">Type of elements in list 2</typeparam>
            <param name="list1">The first sequence</param>
            <param name="list2">The second sequence</param>
            <param name="matchFunc">A function that should return true for one element of list1 and one element of list 2</param>
            <returns>a sequence of tuples of the matching pairs if items from the sequences</returns>
        </member>
        <member name="M:Ascom.Unite.UtilityLibrary.Extensions.EnumerableExtensions.PairOnIdWith``3(System.Collections.Generic.IEnumerable{``0},System.Collections.Generic.IEnumerable{``1},System.Func{``0,``2},System.Func{``1,``2})">
            <summary>
            Returns a sequence of pairs of one element from list1 and one corresponding element from list2 which match.
            </summary>
            <typeparam name="T1">Type of elements in list 1</typeparam>
            <typeparam name="T2">Type of elements in list 2</typeparam>
            <typeparam name="Tid">Type of the id fields</typeparam>
            <param name="list1">The first sequence</param>
            <param name="list2">The second sequence</param>
            <param name="id1Func">The id 1 function.</param>
            <param name="id2Func">The id 2 function.</param>
            <returns>a sequence of tuples of the matching pairs if items from the sequences</returns>
        </member>
        <member name="M:Ascom.Unite.UtilityLibrary.Extensions.EnumerableExtensions.PairWithStrict``2(System.Collections.Generic.IEnumerable{``0},System.Collections.Generic.IEnumerable{``1},System.Func{``0,``1,System.Boolean})">
            <summary>
            Returns a sequence of pairs of one element from list1 and one corresponding element from list2 which match, but throws
            exception if an element from either sequence does not have a match.
            </summary>
            <typeparam name="T1">Type of elements in list 1</typeparam>
            <typeparam name="T2">Type of elements in list 2</typeparam>
            <param name="list1">The first sequence</param>
            <param name="list2">The second sequence</param>
            <param name="matchFunc">A function that should return true for one element of list1 and one element of list 2</param>
            <returns>a sequence of tuples of the matching pairs if items from the sequences</returns>
        </member>
        <member name="M:Ascom.Unite.UtilityLibrary.Extensions.EnumerableExtensions.PairOnIdWithStrict``3(System.Collections.Generic.IEnumerable{``0},System.Collections.Generic.IEnumerable{``1},System.Func{``0,``2},System.Func{``1,``2})">
            <summary>
            Returns a sequence of pairs of one element from list1 and one corresponding element from list2 which match, but throws
            exception if an element from either sequence does not have a match.
            </summary>
            <typeparam name="T1">Type of elements in list 1</typeparam>
            <typeparam name="T2">Type of elements in list 2</typeparam>
            <typeparam name="Tid">Type of the id fields</typeparam>
            <param name="list1">The first sequence</param>
            <param name="list2">The second sequence</param>
            <param name="id1Func">The id 1 function.</param>
            <param name="id2Func">The id 2 function.</param>
            <returns>a sequence of tuples of the matching pairs if items from the sequences</returns>
        </member>
        <member name="M:Ascom.Unite.UtilityLibrary.Extensions.EnumerableExtensions.WithoutDuplicates``1(System.Collections.Generic.IEnumerable{``0},System.Func{``0,``0,System.Boolean})">
            <summary>
            Filters a sequence by removing all duplicate items.
            </summary>
            <typeparam name="T"></typeparam>
            <param name="items"></param>
            <param name="equalsPredicate"></param>
            <returns>IEnumerable of T</returns>
        </member>
        <member name="M:Ascom.Unite.UtilityLibrary.Extensions.EnumerableExtensions.GetDuplicates``1(System.Collections.Generic.IEnumerable{``0},System.Func{``0,``0,System.Boolean})">
            <summary>
            Gets any duplicates from a sequence.
            </summary>
            <typeparam name="T"></typeparam>
            <param name="items"></param>
            <param name="equalsPredicate"></param>
            <returns>Return all duplicates from a list</returns>
        </member>
        <member name="M:Ascom.Unite.UtilityLibrary.Extensions.EnumerableExtensions.SetEquals``1(System.Collections.Generic.IEnumerable{``0},System.Collections.Generic.IEnumerable{``0},System.Func{``0,``0,System.Boolean},System.Func{``0,System.Int32})">
            <summary>
            Test if two sequences contain the same set of items, i.e. not necessarily in the same order.
            </summary>
            <typeparam name="T">Type of items in the sequences</typeparam>
            <param name="list1">first sequence</param>
            <param name="list2">second sequence</param>
            <param name="equalsPredicate">Predicate to compare if two items are equal</param>
            <param name="hashFunc"></param>
            <returns>true of both sets are equal.</returns>
        </member>
        <member name="M:Ascom.Unite.UtilityLibrary.Extensions.EnumerableExtensions.SetEquals``1(System.Collections.Generic.IEnumerable{``0},System.Collections.Generic.IEnumerable{``0})">
            <summary>
            Test if two sequences contain the same set of items, i.e. not necessarily in the same order.
            </summary>
            <typeparam name="T">Type of items in the sequences</typeparam>
            <param name="list1">first sequence</param>
            <param name="list2">second sequence</param>
            <returns>true of both sets are equal.</returns>
        </member>
        <member name="M:Ascom.Unite.UtilityLibrary.Extensions.EnumerableExtensions.AssertNoDuplicates``1(System.Collections.Generic.IEnumerable{``0},System.Func{``0,``0,System.Boolean})">
            <summary>
            Asserts that a list of object have no duplicate objects.
            </summary>
            <typeparam name="T">the type of objects in the list</typeparam>
            <param name="items">the list</param>
            <param name="equalsPredicate">a predicate func to use for equality testing (if null object.Equals() is used)</param>
        </member>
        <member name="M:Ascom.Unite.UtilityLibrary.Extensions.EnumerableExtensions.Swap``1(System.Collections.Generic.IEnumerable{``0},System.Int32,System.Int32)">
            <summary>
            Swaps the location of two elements in a list.
            </summary>
            <typeparam name="T">The type of objects in the list</typeparam>
            <param name="collection">the list</param>
            <param name="i1">index of first element</param>
            <param name="i2">index of second element</param>
            <returns>a sequence of items where the two elements have been swapped</returns>
        </member>
        <member name="M:Ascom.Unite.UtilityLibrary.Extensions.EnumerableExtensions.In``1(``0,System.Collections.Generic.IEnumerable{``0},System.Collections.Generic.IEqualityComparer{``0})">
            <summary>
            Determines whether a sequence contains a specified element optionally by using a specified comparer.
            </summary>
            <typeparam name="TSource">The type of the elements of source.</typeparam>
            <param name="value">The value to locate within the sequence.</param>
            <param name="source">A sequence in which to locate a value.</param>
            <param name="comparer">An optional equality comparer to compare the values.</param>
            <returns>Returns true if comparison succeed else false</returns>
        </member>
        <member name="T:Ascom.Unite.UtilityLibrary.Extensions.ExceptionExtensions">
            <summary>
            Extensions for exceptions
            </summary>
        </member>
        <member name="M:Ascom.Unite.UtilityLibrary.Extensions.ExceptionExtensions.GetAllMessages(System.Exception)">
            <summary>
            Gets all Messages recursive
            </summary>
            <param name="exp">the exception</param>
            <returns>the messages</returns>
        </member>
        <member name="T:Ascom.Unite.UtilityLibrary.Extensions.HierarchyExtensions">
            <summary>
            Extension methods for hierarchal data.
            </summary>
        </member>
        <member name="M:Ascom.Unite.UtilityLibrary.Extensions.HierarchyExtensions.FlattenHierarchy``1(``0,System.Func{``0,System.Collections.Generic.IEnumerable{``0}})">
            <summary>
            Return the provided node and all children as a flat list of items.
            </summary>
            <param name="node">The node to parse for items.</param>
            <param name="getChildren">Returns the child elements of the node.</param>
            <typeparam name="T">The type of elements in the tree.</typeparam>
            <returns>The provided node and all children as a flat list of items</returns>
        </member>
        <member name="M:Ascom.Unite.UtilityLibrary.Extensions.IntegerExtenstions.ToStringInvariant(System.Int16)">
            <summary>
            Converts a short integer to string using the invariant culture.
            </summary>
            <param name="value">The value</param>
            <returns>the value as a string</returns>
        </member>
        <member name="M:Ascom.Unite.UtilityLibrary.Extensions.IntegerExtenstions.ToStringInvariant(System.Int32)">
            <summary>
            Converts an integer to string using the invariant culture.
            </summary>
            <param name="value">The value</param>
            <returns>the value as a string</returns>
        </member>
        <member name="M:Ascom.Unite.UtilityLibrary.Extensions.IntegerExtenstions.ToStringInvariant(System.Int64)">
            <summary>
            Converts a long to string using the invariant culture.
            </summary>
            <param name="value">The value</param>
            <returns>the value as a string</returns>
        </member>
        <member name="M:Ascom.Unite.UtilityLibrary.Extensions.IntegerExtenstions.ToVirtualCallId(System.Int32)">
            <summary>
            Converts a user id to a virtual CallId.
            </summary>
            <param name="userId">The userId</param>
            <returns>the virtual CallId</returns>
        </member>
        <member name="T:Ascom.Unite.UtilityLibrary.Extensions.ObjectExtensions">
            <summary>
            Extensions methods for objects
            </summary>
        </member>
        <member name="M:Ascom.Unite.UtilityLibrary.Extensions.ObjectExtensions.ToStringEx(System.Object,System.UInt32)">
            <summary>
            Uses reflection to output all public properties
            </summary>
            <param name="value">the object to use</param>
            <param name="indent">The indent.</param>
            <returns>string with all properties</returns>
        </member>
        <member name="M:Ascom.Unite.UtilityLibrary.Extensions.ObjectExtensions.IfNotNull``2(``0,``1)">
            <summary>
            Returns a value if the parent object is not null else null.
            </summary>
            <typeparam name="T">Type of the object</typeparam>
            <typeparam name="R">Type of The value</typeparam>
            <param name="obj">The object to test if null</param>
            <param name="value">The instance to return if not null</param>
            <returns>Value if a test object is not null</returns>
        </member>
        <member name="M:Ascom.Unite.UtilityLibrary.Extensions.ObjectExtensions.OneOf``1(``0,``0[])">
            <summary>
            Test if an object is included in a set of items.
            </summary>
            <typeparam name="T">Type of the items</typeparam>
            <param name="obj">Object to test for inclusion.</param>
            <param name="items">Items in the set</param>
            <returns>true if item is in the set false if not in the set or if object is == default(T)</returns>
        </member>
        <member name="T:Ascom.Unite.UtilityLibrary.Extensions.StringExtensions">
            <summary>
            String extensions
            </summary>
        </member>
        <member name="M:Ascom.Unite.UtilityLibrary.Extensions.StringExtensions.ToInt16(System.String,System.Nullable{System.Int16})">
            <summary>
            Converts a string to short.
            If the conversion fails the extension throws a InvalidCastException.
            </summary>
            <param name="value">string with a value</param>
            <param name="defaultValue">optionally return this value instead of throwing an exception if value cannot be parsed</param>
            <returns>the value as short</returns>
        </member>
        <member name="M:Ascom.Unite.UtilityLibrary.Extensions.StringExtensions.ToInt32(System.String,System.Nullable{System.Int32})">
            <summary>
            Converts a string to int.
            If the conversion fails the extension throws a InvalidCastException.
            </summary>
            <param name="value">string with a value</param>
            <param name="defaultValue">optionally return this value instead of throwing an exception if value cannot be parsed</param>
            <returns>the value as integer</returns>
        </member>
        <member name="M:Ascom.Unite.UtilityLibrary.Extensions.StringExtensions.ToInt64(System.String,System.Nullable{System.Int64})">
            <summary>
            Converts a string to long.
            If the conversion fails the extension throws a InvalidCastException.
            </summary>
            <param name="value">string with a value</param>
            <param name="defaultValue">optionally return this value instead of throwing an exception if value cannot be parsed</param>
            <returns>the value as  long</returns>
        </member>
        <member name="M:Ascom.Unite.UtilityLibrary.Extensions.StringExtensions.ToIntList(System.String,System.Nullable{System.Int32})">
            <summary>
            Converts a comma separated string of integers to a list of integers.
            If the conversion fails the extension throws a InvalidCastException.
            </summary>
            <param name="value">string with comma separated values</param>
            <param name="defaultValue">optionally return this value instead of throwing an exception if a comma separated value cannot be parsed</param>
            <returns>a list of integer values or an empty list if the value is null or empty</returns>
        </member>
        <member name="M:Ascom.Unite.UtilityLibrary.Extensions.StringExtensions.ToIntEnumerable(System.String,System.String,System.Nullable{System.Int32})">
            <summary>
            Converts a comma separated string of prefixed integers to a enumeration of integers.
            If the conversion fails the extension throws a InvalidCastException.
            </summary>
            <param name="value">string with comma separated prefixed integers</param>
            <param name="prefixEndingWithColon">the prefix including the colon separator, e.g. "uid:"</param>
            <param name="defaultValue">optionally return this value instead of throwing an exception if a comma separated value cannot be parsed</param>
            <returns>a list of integer values or an empty list if the value is null or empty</returns>
        </member>
        <member name="M:Ascom.Unite.UtilityLibrary.Extensions.StringExtensions.ToEnumList``1(System.String,System.Nullable{``0})">
            <summary>
            Converts a comma separated string of Enum names to a list of Enums.
            If the conversion fails the extension throws a InvalidCastException.
            </summary>
            <param name="value">string with comma separated values</param>
            <param name="defaultValue">optionally return this value instead of throwing an exception if a comma separated value cannot be parsed</param>
            <returns>a list of enum values or an empty list if the string is null or empty</returns>
        </member>
        <member name="M:Ascom.Unite.UtilityLibrary.Extensions.StringExtensions.ToEnum``1(System.String,System.Nullable{``0})">
            <summary>
            Converts a string to an enum value.
            If the conversion fails the extension throws a InvalidCastException.
            </summary>
            <param name="value">string with a value</param>
            <param name="defaultValue">optionally return this value instead of throwing an exception if value cannot be parsed</param>
            <returns>the value as enum</returns>
        </member>
        <member name="M:Ascom.Unite.UtilityLibrary.Extensions.StringExtensions.Args(System.String,System.Object[])">
            <summary>
            Shortcut for the string.Format() method.
            </summary>
            <param name="formatString">The format string (as for string.Format())</param>
            <param name="args">format arguments</param>
            <returns>A formatted string.</returns>
        </member>
        <member name="M:Ascom.Unite.UtilityLibrary.Extensions.StringExtensions.TryParseToDateTime(System.String,System.DateTime@)">
            <summary>
            Tries to parse a string to DateTime (using DateTime.TryParse), if this don't succeed an additional try for the Unite format (using DateTime.TryParseExact) is made.
            </summary>
            <param name="dateTimeString">The string to parse.</param>
            <param name="parsedDateTime">The parsed DateTime object</param>
            <returns>True, if success, false otherwise</returns>
        </member>
        <member name="M:Ascom.Unite.UtilityLibrary.Extensions.StringExtensions.ToNullable``1(System.String)">
            <summary>
            Converts a string to a nullable integer, short, double
            </summary>
            <typeparam name="T">int, short, double</typeparam>
            <param name="value">a numeric string</param>
            <returns>returns a value of the type T</returns>
        </member>
        <member name="M:Ascom.Unite.UtilityLibrary.Extensions.StringExtensions.ToNullable``1(System.String,System.IFormatProvider)">
            <summary>
            Converts a string to a nullable integer, short, double
            </summary>
            <typeparam name="T">int, short, double</typeparam>
            <param name="value">a numeric string</param>
            <param name="formatProvider">a valid format provider</param>
            <returns>returns a value of the type T</returns>
        </member>
        <member name="M:Ascom.Unite.UtilityLibrary.Extensions.StringExtensions.EmptyAsNull(System.String)">
            <summary>
            Converts all empty strings to null while keeping all other string values as they are.
            </summary>
            <param name="value">string value</param>
            <returns>null if string is the empty string else value is returned as is.</returns>
        </member>
        <member name="M:Ascom.Unite.UtilityLibrary.Extensions.StringExtensions.XmlEncode(System.String)">
            <summary>
            Escapes characters in a string to make it safe as an xml entity value.
            </summary>
            <param name="str">string to escape</param>
            <returns>xml escaped string value</returns>
        </member>
        <member name="M:Ascom.Unite.UtilityLibrary.Extensions.StringExtensions.XmlDecode(System.String)">
            <summary>
            Normalizes a string with xml escapes into a normal string.
            </summary>
            <param name="str">string to normalize</param>
            <returns>normalized string</returns>
        </member>
        <member name="M:Ascom.Unite.UtilityLibrary.Extensions.StringExtensions.IsIPv4(System.String)">
            <summary>
            Checks if a string is a valid IP address
            </summary>
            <param name="value">the string</param>
            <returns>true if the address is valid</returns>
        </member>
        <member name="M:Ascom.Unite.UtilityLibrary.Extensions.StringExtensions.TrimAndReturnWhiteSpaceAsNull(System.String)">
            <summary>
            Returns a trimmed version of a string and null if the trimmed string is empty.
            </summary>
            <param name="value">
            The value.
            </param>
            <returns>
            The trimmed or nulled <see cref="T:System.String"/>.
            </returns>
        </member>
        <member name="M:Ascom.Unite.UtilityLibrary.Extensions.StringExtensions.IsValidUniteCallId(System.String)">
            <summary>
            Returns true if the string is a valid Unite CallID
            Valid chars are ISO-8859-1 except below SPACE and between 0x80-0x9f.
            </summary>
            <param name="value">the call id</param>
            <returns>true or false</returns>
        </member>
        <member name="M:Ascom.Unite.UtilityLibrary.Extensions.StringExtensions.Utf8Length(System.String)">
            <summary>
            Returns the number of bytes needed to store the string when encoded to UTF-8
            </summary>
            <param name="value">The string</param>
            <returns>The byte count if the string is not null. 0 if the string is null.</returns>
        </member>
        <member name="M:Ascom.Unite.UtilityLibrary.Extensions.StringExtensions.Expand(System.String,System.Int32)">
            <summary>
            Expand a device number input pattern. Very special, but the gist is needed on both client and server, just as IsValidUniteCallId, so instead of copy/paste the gist I moved it here.
            </summary>
            <param name="pattern"></param>
            <param name="addingMaxNumbers"></param>
            <returns>IEnumerable of string</returns>
        </member>
        <member name="M:Ascom.Unite.UtilityLibrary.Extensions.StringExtensions.ExpandDeviceId(System.String,System.Int32)">
            <summary>
            Expand a device id input pattern.
            </summary>
            <remarks>Same as Expand (for numbers), but without the "dash special".</remarks>
            <param name="pattern"></param>
            <param name="addingMaxNumbers"></param>
            <returns>IEnumerable of string</returns>
        </member>
        <member name="M:Ascom.Unite.UtilityLibrary.Functional.Seq.Generate``1(System.Func{``0},System.Int32)">
            <summary>
            Generates a specified number of new objects by invoking a
            constructor function n times.
            </summary>
            <typeparam name="T">Type of object to generate</typeparam>
            <param name="constructor">Constructor function to use for creating the objects.</param>
            <param name="numberToGenerate">number of objects to create</param>
            <returns>A sequence of as many objects as is specified.</returns>
        </member>
        <member name="M:Ascom.Unite.UtilityLibrary.Functional.Seq.Generate``1(System.Func{System.Int32,``0},System.Int32)">
            <summary>
            Generates a specified number of new objects by invoking a
            constructor function n times each given its index as parameter (0 based).
            </summary>
            <typeparam name="T">Type of object to generate</typeparam>
            <param name="constructor">Constructor function to use for creating the objects.</param>
            <param name="numberToGenerate">number of objects to create</param>
            <returns>A sequence of as many objects as is specified.</returns>
        </member>
        <member name="M:Ascom.Unite.UtilityLibrary.Functional.Seq.Generate``1(System.Func{System.Int32,``0},System.Int32,System.Int32,System.Int32)">
            <summary>
            Generates a specified number of new objects by invoking a
            constructor function n times each given the next value from a
            specified range as parameter.
            </summary>
            <typeparam name="T">Type of object to generate</typeparam>
            <param name="constructor">Constructor function</param>
            <param name="from">start value of the range</param>
            <param name="to">end value of the range (not included)</param>
            <param name="step">the step between successive values in the generated range</param>
            <returns>sequence of generated objects</returns>
        </member>
        <member name="M:Ascom.Unite.UtilityLibrary.Functional.Seq.Enumerate(System.Int32,System.Int32,System.Int32)">
            <summary>
            Enumerates range of integers.
            </summary>
            <param name="from">start value of the range</param>
            <param name="to">end value of the range (not included)</param>
            <param name="step">step between successive values of the range (defaults to 1 can be negative)</param>
            <returns>Sequence of values of the range.</returns>
        </member>
        <member name="M:Ascom.Unite.UtilityLibrary.Functional.Seq.None``1">
            <summary>
            Enumerates a sequence of no objects.
            </summary>
            <typeparam name="T">The type of the objects of the sequence</typeparam>
            <returns>An empty sequence</returns>
        </member>
        <member name="M:Ascom.Unite.UtilityLibrary.Functional.Seq.One``1(``0)">
            <summary>
            Enumerates a sequence of one object.
            </summary>
            <typeparam name="T">The type of the objects of the sequence</typeparam>
            <param name="item">The single instance of the sequence</param>
            <returns>Sequence of the one instance given as parameter</returns>
        </member>
        <member name="M:Ascom.Unite.UtilityLibrary.Functional.Seq.Two``1(``0,``0)">
            <summary>
            Enumerates a sequence of two objects.
            </summary>
            <typeparam name="T">The type of the objects of the sequence</typeparam>
            <param name="item1">The first item in the sequence</param>
            <param name="item2">The second item in the sequence</param>
            <returns>Sequence of the two instances given as parameters</returns>
        </member>
        <member name="M:Ascom.Unite.UtilityLibrary.Functional.Seq.Three``1(``0,``0,``0)">
            <summary>
            Enumerates a sequence of three objects.
            </summary>
            <typeparam name="T">The type of the objects of the sequence</typeparam>
            <param name="item1">The first item in the sequence</param>
            <param name="item2">The second item in the sequence</param>
            <param name="item3">The third item in the sequence</param>
            <returns>Sequence of the three instances given as parameters</returns>
        </member>
        <member name="M:Ascom.Unite.UtilityLibrary.Functional.Seq.Many``1(``0[])">
            <summary>
            Enumerates a sequence of n objects.
            </summary>
            <typeparam name="T">The type of the objects of the sequence</typeparam>
            <param name="items">The items in the sequence</param>
            <returns>Sequence of the instances given as parameters</returns>
        </member>
        <member name="T:Ascom.Unite.UtilityLibrary.Helpers.CsvRow">
            <summary>
            Class to store one CSV row
            </summary>
        </member>
        <member name="T:Ascom.Unite.UtilityLibrary.Helpers.CsvFileWriter">
            <summary>
            Class to write data to a CSV file
            </summary>
        </member>
        <member name="M:Ascom.Unite.UtilityLibrary.Helpers.CsvFileWriter.WriteRow(Ascom.Unite.UtilityLibrary.Helpers.CsvRow,System.Char)">
            <summary>
            Writes a single row to a CSV file.
            </summary>
            <param name="row">The row to be written</param>
            <param name="delimiter">The delimiter character to use, default is comma</param>
        </member>
        <member name="T:Ascom.Unite.UtilityLibrary.Helpers.CsvFileReader">
            <summary>
            Class to read data from a CSV file
            </summary>
        </member>
        <member name="M:Ascom.Unite.UtilityLibrary.Helpers.CsvFileReader.ReadRow(Ascom.Unite.UtilityLibrary.Helpers.CsvRow,System.Char)">
            <summary>
            Reads a row of data from a CSV file
            </summary>
            <param name="row">Csv row</param>
            <param name="delimiter">The delimiter character to use, default is comma</param>
            <returns>Returns true if any lines were read otherwise false</returns>
        </member>
        <member name="T:Ascom.Unite.UtilityLibrary.Helpers.Potential`1">
            <summary>
            Struct used for representing values (value types or reference types) which
            can be undefined.
            </summary>
            <typeparam name="T">The type of the value represented</typeparam>
        </member>
        <member name="P:Ascom.Unite.UtilityLibrary.Helpers.Potential`1.Value">
            <summary>
            The value of the <see cref="T:Ascom.Unite.UtilityLibrary.Helpers.Potential`1"/>.
            </summary>
            <exception cref="T:Ascom.Unite.UtilityLibrary.Helpers.ValueUndefinedException">If the value is undefined</exception>
        </member>
        <member name="P:Ascom.Unite.UtilityLibrary.Helpers.Potential`1.IsDefined">
            <summary>
            Indicates whether the <see cref="T:Ascom.Unite.UtilityLibrary.Helpers.Potential`1"/> instance is defined,
            i.e. whether it has a value.
            </summary>
        </member>
        <member name="M:Ascom.Unite.UtilityLibrary.Helpers.Potential`1.op_Implicit(Ascom.Unite.UtilityLibrary.Helpers.Potential{`0})~`0">
            <summary>
            Implicit convertion from a <see cref="T:Ascom.Unite.UtilityLibrary.Helpers.Potential`1"/> to its type parameter.
            </summary>
            <param name="val"></param>
        </member>
        <member name="M:Ascom.Unite.UtilityLibrary.Helpers.Potential`1.op_Implicit(`0)~Ascom.Unite.UtilityLibrary.Helpers.Potential{`0}">
            <summary>
            Implicit convertion from type T to a <see cref="T:Ascom.Unite.UtilityLibrary.Helpers.Potential`1"/>.
            </summary>
            <param name="val">the value of the potential</param>
        </member>
        <member name="T:Ascom.Unite.UtilityLibrary.Helpers.StopWatch">
             <summary>
             Stop watch for timing parts of code using the IDisposable
             iterface as a means to stop the watch.
             </summary>
             <remarks>
             To use this class you would do something like:
             using (new StopWatch("Timing of part X"))
             {
                 ... some time consuming code here ...
             }
            
             when the using  goes out of scope the timer is disposed
             and prints the time using Debug.WriteLine
             </remarks>
        </member>
        <member name="M:Ascom.Unite.UtilityLibrary.Helpers.StopWatch.#ctor(System.String,System.Boolean)">
            <summary>
            Creates and starts a new stop watch instance.
            </summary>
            <param name="key"></param>
            <param name="useMicroSeconds"></param>
        </member>
        <member name="M:Ascom.Unite.UtilityLibrary.Helpers.StopWatch.Dispose">
            <summary>
            stops and prints the time to debug output.
            </summary>
        </member>
        <member name="T:Ascom.Unite.UtilityLibrary.Helpers.ValueUndefinedException">
            <summary>
            Exception thrown on an attempt to get the value of a <see cref="T:Ascom.Unite.UtilityLibrary.Helpers.Potential`1"/> instance
            which is in the state undefined.
            </summary>
        </member>
        <member name="T:Ascom.Unite.UtilityLibrary.Mvvm.GenericListItem`1">
            <summary>
            Defines object useful to bind into selector controls, such as
            ComboBox or ListBox, where you want to show a text label as the items of
            the list but use the original model as the selected item.
            </summary>
            <typeparam name="T">The type of the model object</typeparam>
        </member>
        <member name="M:Ascom.Unite.UtilityLibrary.Mvvm.GenericListItem`1.#ctor(System.String,`0)">
            <summary>
            Creates a new instance of a generic list item.
            </summary>
            <param name="itemText">The label of the item</param>
            <param name="model">The model instance of the item</param>
        </member>
        <member name="M:Ascom.Unite.UtilityLibrary.Mvvm.GenericListItem`1.#ctor(System.String,System.String,`0)">
            <summary>
            Creates a new instance of a generic list item.
            </summary>
            <param name="itemText">The label of the item</param>
            <param name="itemDescription">The description of the item</param>
            <param name="model">The model instance of the item</param>
        </member>
        <member name="M:Ascom.Unite.UtilityLibrary.Mvvm.GenericListItem`1.#ctor(`0,System.Func{`0,System.String})">
            <summary>
            Creates a new instance of a generic list item.
            </summary>
            <param name="model">The model instance</param>
            <param name="itemTextGenerator">A function that produce the label for each model instance</param>
        </member>
        <member name="P:Ascom.Unite.UtilityLibrary.Mvvm.GenericListItem`1.ItemText">
            <summary>
            Gets or sets the item text label.
            </summary>
        </member>
        <member name="P:Ascom.Unite.UtilityLibrary.Mvvm.GenericListItem`1.ItemDescription">
            <summary>
            Gets or sets the item description.
            </summary>
        </member>
        <member name="P:Ascom.Unite.UtilityLibrary.Mvvm.GenericListItem`1.Model">
            <summary>
            Gets or sets the model instance.
            </summary>
        </member>
        <member name="T:Ascom.Unite.UtilityLibrary.Mvvm.GenericSelectionElement`1">
            <summary>
            An element that will be selected in a multi check box control
            </summary>
            <typeparam name="T">The element type</typeparam>
        </member>
        <member name="F:Ascom.Unite.UtilityLibrary.Mvvm.GenericSelectionElement`1.isSelected">
            <summary>
            indicates if the element is selected
            </summary>
        </member>
        <member name="M:Ascom.Unite.UtilityLibrary.Mvvm.GenericSelectionElement`1.#ctor(`0,System.Boolean,System.Boolean)">
            <summary>
            Initializes a new instance of the <see cref="T:Ascom.Unite.UtilityLibrary.Mvvm.GenericSelectionElement`1"/> class.
            </summary>
            <param name="element">
            An element
            </param>
            <param name="isSelected">
            A value indicating whether the element is selected or not
            </param>
            <param name="isEnabled">
            A value indicating whether the corresponding checkbox should be enabled or not
            </param>
        </member>
        <member name="M:Ascom.Unite.UtilityLibrary.Mvvm.GenericSelectionElement`1.#ctor(`0)">
            <summary>
            Initializes a new instance of the <see cref="T:Ascom.Unite.UtilityLibrary.Mvvm.GenericSelectionElement`1"/> class.
            </summary>
            <param name="element">
            The element
            </param>
        </member>
        <member name="E:Ascom.Unite.UtilityLibrary.Mvvm.GenericSelectionElement`1.PropertyChanged">
            <summary>
            The event that signals that a property has been changed
            </summary>
        </member>
        <member name="P:Ascom.Unite.UtilityLibrary.Mvvm.GenericSelectionElement`1.IsSelected">
            <summary>
            Gets or sets a value indicating whether the element is selected or not
            </summary>
        </member>
        <member name="P:Ascom.Unite.UtilityLibrary.Mvvm.GenericSelectionElement`1.IsEnabled">
            <summary>
            Gets or sets a value indicating whether the corresponding checkbox is enabled or not
            </summary>
        </member>
        <member name="P:Ascom.Unite.UtilityLibrary.Mvvm.GenericSelectionElement`1.Element">
            <summary>
            Gets or sets the element itself
            </summary>
        </member>
        <member name="T:Ascom.Unite.UtilityLibrary.Mvvm.SelectableGenericListItem`1">
            <summary>
            Defines object useful to bind into selector controls, such as
            ComboBox or ListBox, where you want to show a text label and checkbox
            as the items of the list but use the original model as the selected item.
            </summary>
            <typeparam name="T">The type of the model object</typeparam>
        </member>
        <member name="M:Ascom.Unite.UtilityLibrary.Mvvm.SelectableGenericListItem`1.#ctor(System.String,`0,System.Boolean)">
            <summary>
            Creates a new instance of a generic list item.
            </summary>
            <param name="itemText">The label of the item</param>
            <param name="model">The model instance of the item</param>
            <param name="isSelected">Whether this item should be selected initially</param>
        </member>
        <member name="M:Ascom.Unite.UtilityLibrary.Mvvm.SelectableGenericListItem`1.#ctor(System.String,System.String,`0,System.Boolean)">
            <summary>
            Creates a new instance of a generic list item.
            </summary>
            <param name="itemText">The label of the item</param>
            <param name="itemDescription">The description of the item</param>
            <param name="model">The model instance of the item</param>
            <param name="isSelected">Whether this item should be selected initially</param>
        </member>
        <member name="M:Ascom.Unite.UtilityLibrary.Mvvm.SelectableGenericListItem`1.#ctor(`0,System.Func{`0,System.String},System.Boolean)">
            <summary>
            Creates a new instance of a generic list item.
            </summary>
            <param name="model">The model instance</param>
            <param name="itemTextGenerator">A function that produce the label for each model instance</param>
            <param name="isSelected">Whether this item should be selected initially</param>
        </member>
        <member name="E:Ascom.Unite.UtilityLibrary.Mvvm.SelectableGenericListItem`1.SelectionChanged">
            <summary>
            Event fired when the selection is changed for this item.
            </summary>
        </member>
        <member name="P:Ascom.Unite.UtilityLibrary.Mvvm.SelectableGenericListItem`1.IsSelected">
            <summary>
            Gets or sets a value indicating whether this item is selected.
            </summary>
        </member>
        <member name="T:Ascom.Unite.UtilityLibrary.Security.PasswordPolicy">
            <summary>
            Helper class for checking password policy enforcement
            </summary>
        </member>
        <member name="P:Ascom.Unite.UtilityLibrary.Security.PasswordPolicy.MinTotalLength">
            <summary>
            Minimum password length
            </summary>
        </member>
        <member name="P:Ascom.Unite.UtilityLibrary.Security.PasswordPolicy.MinUpperCaseLength">
            <summary>
            Minimum number of upper case characters
            </summary>
        </member>
        <member name="P:Ascom.Unite.UtilityLibrary.Security.PasswordPolicy.MinLowerCaseLength">
            <summary>
            Minimum number of lower case characters
            </summary>
        </member>
        <member name="P:Ascom.Unite.UtilityLibrary.Security.PasswordPolicy.MinNonAlphaLength">
            <summary>
            Minimum number of non-alpha characters
            </summary>
        </member>
        <member name="P:Ascom.Unite.UtilityLibrary.Security.PasswordPolicy.MinNumericLength">
            <summary>
            Minimum number of numeric characters
            </summary>
        </member>
        <member name="P:Ascom.Unite.UtilityLibrary.Security.PasswordPolicy.AllowRepeatedCharacters">
            <summary>
            Sets or gets if repeated characters are allowed
            </summary>
        </member>
        <member name="P:Ascom.Unite.UtilityLibrary.Security.PasswordPolicy.AllowSequentialCharacters">
            <summary>
            Sets or gets if sequential characters are allowed
            </summary>
        </member>
        <member name="M:Ascom.Unite.UtilityLibrary.Security.PasswordPolicy.IsValid(System.String)">
            <summary>
            Checks validity of a password
            </summary>
            <param name="password">The password to check</param>
            <returns>True if the password follow the rules, false otherwise</returns>
        </member>
        <member name="T:Ascom.Unite.UtilityLibrary.Subclassed.RangeEnabledObservableCollection`1">
            <summary>
            A range enabled sub class of ObservableCollection
            </summary>
            <typeparam name="T">
            The type of objects in the collection
            </typeparam>
        </member>
        <member name="M:Ascom.Unite.UtilityLibrary.Subclassed.RangeEnabledObservableCollection`1.AddRange(System.Collections.Generic.IEnumerable{`0})">
            <summary>
            This method works against the protected Items collection and just notifies once that the collection has been reset.
            </summary>
            <param name="items">Items to be added.</param>
        </member>
    </members>
</doc>
